Adds to cart,Website purchases,Price
4,1,359
3,1,349
16,6,279
11,4,224
1,1,359
2,1,199
10,3,359
3,3,359
4,2,149
3,1,359
4,2,349
2,1,359
11,1,359
4,1,359
1,1,15
1,1,199
7,1,199
3,1,389
4,1,359
5,1,199
3,1,194
4,1,209
1,1,389
1,1,209
3,1,339
11,3,242.3333333
7,1,389
1,1,389
11,2,209
1,1,209
2,1,144
3,1,144
1,1,389
1,1,389
6,3,389
10,1,389
2,1,389
1,1,209
1,1,209
2,2,209
3,1,389
10,1,389
2,1,389
2,2,299
14,3,275.6666667
10,3,379
3,1,389
3,1,389
7,2,169
4,1,389
10,1,167
11,3,247
7,3,71.66666667
17,3,68.33333333
7,2,167
3,1,167
2,1,167
12,1,395
7,1,295
7,1,169
14,1,179
9,1,29
13,1,395
17,2,205
15,1,169
12,1,169
20,2,205
10,5,214.2
10,1,395
16,3,111
18,2,255
33,5,192.2
8,1,167
19,1,1
22,2,167
11,2,231
32,2,395
6,1,167
20,8,149.5
18,3,121.6666667
21,3,243
4,1,169
9,2,173
21,6,86.66666667
183,9,121.2222222
43,3,119
5,2,167
5,1,115
11,1,169
19,1,179
7,1,115
8,1,115
9,1,167
10,1,167
8,2,281
8,2,167
7,1,167
10,2,98
8,1,167
13,3,104.3333333
27,4,256
12,1,395
15,3,72.33333333
17,2,99
9,1,169
15,2,103
35,2,169
10,3,72.33333333
9,1,115
34,2,282
26,2,169
12,3,72.33333333
12,1,395
19,1,395
9,1,169
16,2,168
11,1,115
8,1,165
12,2,167
14,1,167
9,3,154.3333333
10,1,167
11,1,167
14,1,167
13,1,167
24,2,174
15,2,98
15,2,141
10,1,395
10,2,98
12,2,281
20,1,167
15,2,167
20,1,115
13,1,167
5,1,115
14,1,167
15,1,169
2,2,95.5
13,2,282
25,1,395
16,1,169
12,3,72.33333333
13,3,101
7,3,395
14,3,169
10,2,169
19,1,165
14,2,167
23,1,39
24,7,152.7142857
11,3,193.6666667
22,1,167
27,1,167
7,1,115
33,2,93
26,3,122.3333333
26,1,169
8,1,115
8,1,179
24,3,79
20,6,166.6666667
14,1,169
23,1,295
20,2,167
31,4,249.5
16,2,94
16,1,115
20,1,115
12,2,345
18,2,168
29,1,167
28,2,230
29,3,71.66666667
10,2,167
20,1,167
12,2,141
25,2,167
37,4,106.5
22,1,39
18,1,167
20,1,167
19,2,231
22,1,165
29,2,282
24,2,174
27,1,295
18,1,167
10,3,103.6666667
33,2,93
19,1,167
24,2,98
19,1,395
15,1,167
12,1,167
17,1,395
7,2,149
26,6,85
57,5,147
65,2,88
7,1,109
7,1,149
7,2,211
104,5,337.4
13,1,149
20,2,385
38,3,92.33333333
51,1,147
76,2,212
11,4,59
26,1,149
28,2,142
48,2,147
8,3,147
30,1,149
34,4,202
48,1,147
57,3,96.66666667
68,2,266
12,1,147
13,1,147
7,2,89
4,1,385
23,1,175
23,1,147
28,3,72.33333333
7,1,149
7,1,149
18,1,149
31,1,149
30,2,149
28,1,149
29,1,109
19,1,149
8,1,285
15,3,187.6666667
17,3,65.66666667
10,1,385
12,2,89
6,1,149
28,4,173
21,1,109
11,1,385
14,2,149
39,3,226.3333333
55,3,213.6666667
68,3,143
34,15,159.9333333
16,3,305.6666667
26,2,64
34,2,211
17,1,39
25,4,194.25
84,3,189.6666667
16,1,147
16,2,69
23,1,385
52,8,150.875
15,1,149
20,1,147
69,3,107.6666667
31,3,135
27,3,226.3333333
25,2,267
5,2,148
57,5,124.2
22,2,217
26,1,149
32,5,123.8
37,1,29
27,2,148
14,1,175
27,1,147
6,1,385
11,1,175
55,5,121
44,5,187.4
44,6,245.6666667
58,5,90.2
48,1,147
26,2,241.5
10,1,385
10,3,226.3333333
15,2,94
4,1,147
9,1,149
103,9,147.6666667
34,1,147
16,2,142
14,2,84
43,3,111
11,1,100
9,1,147
11,1,385
114,4,144.5
33,2,192
83,1,19
81,9,129.6666667
144,11,165.3636364
194,12,159.6666667
14,3,107.6666667
69,5,124.6
125,7,177
12,1,149
24,1,149
13,4,85.5
20,1,147
28,3,269
29,2,88
23,4,154
20,2,385
20,1,147
17,1,385
45,5,248.2
75,1,149
45,3,117
27,1,275
41,1,147
27,2,161
67,9,92.33333333
59,2,266
59,4,117.5
49,4,134.75
44,1,39
42,1,149
77,2,149
55,2,212
82,1,149
81,4,267
93,5,115.8
5,1,825
51,3,156.3333333
60,7,198
90,5,206.8
79,3,147
78,7,153.1428571
30,1,149
1,1,149
8,1,147
32,1,147
60,5,99.8
32,2,267
24,2,149
42,2,84
48,4,116.5
30,3,156.3333333
21,1,149
48,1,149
50,3,227.6666667
7,1,147
17,2,266
23,4,78.5
17,1,149
13,1,385
43,1,39
74,4,59
47,1,175
159,8,211.25
56,3,109
48,2,162
40,1,149
51,3,227.6666667
57,2,89
40,2,149
46,1,149
45,2,149
13,1,5
145,11,116.4545455
36,2,29
9,2,97.5
28,5,140.2
32,2,267
152,6,178
11,1,39
8,1,385
31,5,217.4
144,14,187.2857143
109,7,169.2857143
156,26,122.3076923
82,2,211
83,12,90
85,1,147
110,12,159.3333333
87,5,155.2
23,1,175
17,1,149
59,2,39
120,8,88.5
23,5,60.2
20,2,385
40,1,285
10,1,149
25,1,385
28,2,149
18,1,149
20,4,86.5
6,1,149
48,3,149
21,1,285
29,3,65.66666667
24,1,285
17,2,89
25,2,149
35,7,231.5714286
6,3,79
1,1,119
2,1,1
3,2,74
15,1,159
53,4,218
18,1,295
14,2,159
25,3,72.33333333
82,1,159
73,4,128
34,2,345
18,2,159
35,1,159
31,1,165
16,3,117
12,3,54.33333333
8,2,140
70,5,159
33,2,137
56,2,165
8,1,157
10,1,395
35,4,150.5
39,1,159
34,8,145
21,1,159
17,3,114.3333333
16,2,278.5
10,1,39
12,3,309
18,1,385
56,1,157
23,3,115
11,2,271
26,1,109
75,4,190
10,1,165
9,1,165
15,1,165
25,5,74.2
26,2,277
10,2,89
10,1,159
23,1,165
59,12,193.8333333
25,3,115.6666667
41,2,280
5,1,395
5,1,165
6,1,165
18,1,165
16,1,165
18,3,119.6666667
17,1,165
15,2,165
16,3,269.6666667
26,1,395
9,1,165
7,2,97
26,1,395
49,12,147.8333333
16,1,157
68,8,151
32,3,111
21,2,395
31,1,165
34,2,230
45,6,94
21,1,157
286,4,29
31,1,157
49,2,250
23,2,167
17,2,159
29,7,95
92,8,167
26,1,179
25,3,309.6666667
21,4,159
23,1,157
35,1,385
42,5,149.4
67,5,251.8
17,4,66
14,1,395
37,1,295
36,1,159
26,2,137
33,4,242
36,3,72.33333333
33,2,205
40,2,159
35,1,159
33,1,159
57,7,203
67,2,94
41,6,177.6666667
38,2,94
39,1,159
43,7,133.2857143
36,2,97
58,4,139.5
10,1,179
8,2,207
36,1,165
11,1,395
27,3,225
15,6,109.6666667
10,1,165
25,1,165
45,2,165
47,3,148.3333333
33,2,99
77,2,157
64,2,271
9,1,395
12,2,140
7,1,165
8,1,295
109,7,257.2857143
21,2,92
4,1,165
15,2,102
5,1,165
10,1,165
125,7,154.4285714
98,13,163.3076923
43,6,121
77,3,141
52,6,171
55,5,226.6
65,4,277
70,3,323
71,5,177.8
53,7,137.5714286
81,7,225
73,8,186.75
61,8,209.25
88,4,259
104,8,207.5
83,2,280
85,4,261.5
62,4,115.5
55,3,199.6666667
77,6,272.6666667
67,2,133
54,5,177
11,1,165
44,4,202.5
24,1,165
40,2,165
21,4,124.5
35,2,102
31,3,113.6666667
17,2,280
36,7,138.1428571
13,1,159
38,4,154.5
72,9,135.4444444
99,6,241.1666667
29,4,210
17,2,97
16,3,71
12,1,165
13,1,395
30,4,222.5
8,2,92
29,2,165
12,2,97
9,1,165
20,1,159
30,2,345
7,2,92
43,1,395
19,4,60.5
15,2,141
18,1,179
11,1,19
29,4,103
24,1,159
22,1,395
25,1,395
28,1,159
20,2,165
13,2,115
35,1,19
38,1,159
17,2,165
29,1,159
20,3,204.3333333
42,5,96.2
36,2,159
38,5,145.4
27,3,131.6666667
15,6,36.66666667
41,3,169
49,1,169
36,1,295
27,1,29
23,1,169
68,5,143.4
11,1,169
62,1,169
56,3,211
22,1,169
13,3,211
10,1,179
14,3,151
46,9,183.4444444
13,1,115
16,1,169
30,3,69
17,1,169
6,1,169
8,1,169
2,1,169
18,2,282
11,1,169
17,6,36.66666667
32,1,169
42,3,172.3333333
35,1,169
21,1,179
37,2,169
32,1,169
6,1,35
8,5,47
21,9,42.44444444
20,3,57
18,4,38.4975
9,3,30.32666667
30,2,205
3,1,37
16,5,37.4
17,3,33.66666667
23,6,39.98166667
10,3,41
18,8,40.375
19,2,169
5,1,59
2,1,179
3,1,295
17,5,218.6
21,4,225.5
18,2,142
10,4,35.2475
28,6,36.53333333
13,4,35
8,3,42.33333333
2,1,169
7,1,395
27,1,169
15,1,295
6,1,169
16,1,169
4,1,169
5,1,395
8,1,169
17,2,169
2,1,169
9,8,46.5
12,1,115
10,1,169
19,2,99
9,1,395
3,1,169
16,1,395
8,1,169
18,1,169
8,1,169
8,1,169
15,2,94
33,3,319.6666667
46,1,169
61,3,125.6666667
35,3,122.3333333
23,2,94
11,1,395
15,1,169
21,2,179
18,2,169
29,2,282
30,1,169
38,3,169
25,1,395
14,1,169
22,2,99
7,2,282
20,1,169
19,2,99
18,1,169
33,1,169
11,1,295
8,1,169
15,1,169
21,1,169
7,1,169
51,1,169
95,1,169
12,2,282
12,1,395
9,1,169
27,1,169
19,4,94
6,1,115
8,4,169
6,1,395
11,1,169
9,1,169
5,1,169
54,3,75.66666667
67,3,194.3333333
37,1,169
15,1,169
18,1,169
6,1,395
20,3,79
10,1,179
7,1,169
22,1,169
17,1,29
21,2,169
27,1,169
21,2,72
20,1,169
26,1,169
47,3,72.33333333
21,2,94
38,2,94.5
34,1,169
18,1,169
39,1,145
82,7,124.4285714
24,6,167.1666667
26,2,250
22,4,183.25
38,7,128.5714286
52,6,171
24,3,174.3333333
21,2,142
24,1,98
16,3,301.6666667
7,2,258.5
29,1,98
46,2,93
14,1,145
23,3,99.66666667
41,8,155.875
3,1,385
18,2,79
14,1,139
16,1,275
42,1,275
58,3,95.66666667
25,4,164.5
1,1,365
52,5,99.4
38,3,305.6666667
33,2,212
36,4,115
26,3,157
6,1,139
15,5,86.8
9,1,139
14,2,140.5
18,4,138
25,3,215
32,6,110.8333333
16,3,122.6666667
20,4,117.5
26,2,135
19,6,167
40,2,142
51,1,145
72,12,102.4166667
42,3,147
12,1,145
59,5,94.6
36,8,133.5
31,1,145
48,2,160
36,2,216
64,8,149.5
83,5,124.2
53,7,215.2857143
113,7,121
27,4,92.5
15,2,255
58,7,120.2857143
37,3,185
25,6,158.5
24,3,109.6666667
16,1,147
29,1,175
67,15,123.6666667
25,3,62.33333333
13,1,135
16,2,116.5
11,1,39
9,2,370
18,1,147
16,2,80.5
32,11,64.81818182
26,3,99
14,3,265
16,1,147
2,1,24
2,1,119
9,1,157
13,2,116.5
2,1,119
2,1,119
6,1,119
22,1,19
9,2,79
8,7,79.71428571
6,3,80.66666667
8,2,69
,1,119
12,1,139
18,3,181.6666667
22,6,110
7,1,98
63,10,113
211,12,129.3333333
95,17,85.94117647
2,2,192
5,4,89
11,2,71.5
3,1,119
1,1,5
13,3,88.33333333
21,5,52.8
20,9,927.3333333
34,2,139
49,4,111.5
80,3,183
76,3,100
88,13,112.3846154
14,1,139
34,3,225
33,2,258.5
12,2,263.5
36,3,139.3333333
33,2,142
37,6,329.5
31,2,127.5
30,1,375
21,2,118.5
22,5,138.2
4,3,103.3333333
27,4,139
24,3,172.6666667
15,3,101
12,2,135
16,1,135
12,1,135
26,9,110.7777778
37,7,167.8571429
25,3,144.6666667
37,3,156.6666667
42,7,118
16,7,88.42857143
1,1,142
30,2,93
28,4,311
18,7,130
18,7,114.4285714
27,2,250
8,1,119
23,2,34
49,4,164.25
3,1,89
29,1,175
26,1,29
30,6,127.3333333
29,7,109.8571429
25,1,385
22,3,69
35,7,84.85714286
6,1,98
9,4,204.75
18,3,85.33333333
17,1,98
26,3,125.3333333
27,5,177.2
26,6,154.5
16,3,139
15,4,193.5
23,2,139
17,7,116
19,5,154.2
12,1,135
29,6,98.66666667
51,7,142.1428571
15,3,276
8,1,375
34,6,95.83333333
61,12,72
66,2,365
87,6,153.3333333
50,4,127.75
95,15,132.5333333
64,4,128.75
20,2,192
20,1,98
23,2,98
1,1,145
15,1,365
34,2,89
37,2,192
36,3,61
5,1,365
13,1,365
14,1,139
7,1,139
3,1,98
6,2,365
6,2,132
19,5,135
19,1,147
33,3,145
23,3,219.6666667
67,2,122.5
41,7,109.1428571
58,3,104.3333333
29,1,365
46,4,259.5
40,3,131.3333333
27,8,152.5
18,2,92
38,4,72.75
22,1,145
39,11,89.27272727
20,2,121.5
22,2,89
25,3,149
30,1,145
22,1,135
8,1,365
9,3,140
30,2,250
4,3,137.6666667
22,3,173
11,2,242
2,2,135
34,5,113.8
11,5,266.6
9,1,50
1,1,100
30,3,103
35,5,94
35,4,100.5
27,2,145
1,3,63.33333333
2,1,142
44,4,148
72,6,158.8333333
83,4,200.5
102,6,96.16666667
38,1,139
111,23,62.52173913
16,6,22
,2,119
2,1,119
6,1,119
1,1,129
8,1,135
5,2,127
3,1,139
1,1,129
13,6,74
2,1,119
4,1,119
6,2,74
18,4,107
101,15,150.5333333
63,4,165.75
90,4,145.5
71,1,145
3,1,135
4,1,135
6,3,84
12,3,62.33333333
1,1,119
5,2,139
5,2,82
2,1,29
5,1,139
6,1,98
2,3,96
2,1,129
4,1,135
3,2,62
12,2,71.5
4,1,98
3,1,167
2,1,119
3,1,119
38,4,109.75
13,1,98
9,2,109
11,1,89
28,3,101
25,4,116
24,3,138.6666667
23,1,142
128,10,163.3
23,3,290.6666667
8,3,122.6666667
20,5,128.6
67,2,330
2,1,365
1,1,129
8,2,71.5
8,1,119
34,4,209.5
12,5,102
11,5,106.2
7,3,55.66666667
10,1,365
113,4,214
15,4,90.5
7,1,135
24,4,161.75
33,6,147
,1,89
62,8,111.5
68,5,152
73,6,196
101,15,132.5333333
95,8,171.875
59,7,135.7142857
1,1,98
7,1,385
12,3,134.3333333
40,6,149.5
180,26,88
11,1,98
55,6,143.6666667
78,9,141
11,1,365
138,9,112
150,9,145.2222222
167,15,160.6666667
134,10,172.1
68,6,141.6666667
48,2,143.5
11,2,139
10,1,139
37,6,260.5
31,4,104.25
51,5,120.6
48,3,145
44,6,166.5
67,8,148.75
40,2,151
90,11,133.9090909
21,1,175
7,1,119
34,2,211
31,1,385
37,3,107
3,1,119
1,1,385
5,1,119
8,4,58.75
4,1,119
5,1,365
3,1,365
128,16,148.3125
107,13,98.84615385
7,2,247
8,2,82
31,1,149
14,2,145
115,11,81.81818182
27,3,106.3333333
1,1,119
26,1,98
11,2,87
17,3,87.33333333
54,2,142
197,23,131.8695652
17,1,129
11,3,157.6666667
29,1,147
12,1,98
54,4,119
114,4,152.5
57,12,158.5833333
63,12,106.5833333
70,10,195
68,7,159.1428571
122,12,186.5833333
77,5,154.8
36,7,156.2857143
38,8,83.25
38,2,136.5
49,7,218.4285714
54,3,90.66666667
69,4,177
19,3,106.3333333
7,2,71.5
2,1,157
46,2,91.5
30,1,385
21,1,149
19,1,149
31,6,149
33,4,119
39,2,267
44,2,129
70,6,271.3333333
49,1,285
143,13,213.3076923
22,2,149
19,3,184.3333333
12,1,147
2,1,149
15,1,149
21,3,117.6666667
22,1,385
23,1,149
8,3,157.6666667
6,1,149
28,1,149
25,1,109
34,6,111.6666667
21,1,147
3,3,175
2,1,149
12,1,149
15,3,62.33333333
5,1,385
13,1,149
20,2,94
20,1,175
6,1,149
25,3,95.66666667
14,7,54.71428571
23,3,214.3333333
26,1,149
27,3,194.3333333
8,1,385
26,2,149
26,1,149
13,3,187.6666667
13,1,385
84,1,149
3,1,149
77,2,107
88,1,109
30,1,149
8,1,385
11,3,149
21,2,149
6,1,149
34,1,385
27,2,217
29,1,385
30,3,109
13,1,149
16,1,149
25,1,149
31,4,149
24,2,217
26,2,149
13,2,267
31,3,191
39,4,180.5
25,1,385
30,3,72.33333333
44,2,84
23,1,385
40,4,145.5
63,1,385
44,4,120.5
26,2,162
31,4,212
26,2,149
42,5,152.2
18,1,385
26,1,149
20,3,157.6666667
20,2,149
29,3,227.6666667
36,4,121.5
44,6,135
18,2,149
12,2,335
31,3,114.3333333
29,1,149
32,4,86.5
25,3,306.3333333
35,1,149
25,2,129
34,3,105.6666667
35,2,267
22,2,267
9,1,285
28,2,385
14,1,149
12,3,147.6666667
4,2,267
13,2,89
,1,149
41,2,149
31,1,149
187,16,159.375
144,10,135.8
12,1,149
29,1,109
30,2,89
15,1,39
4,2,89
27,2,89
27,5,123
15,1,149
24,1,149
32,3,109
17,1,149
35,3,112.3333333
22,1,149
41,2,149
30,1,175
53,3,149
49,8,118.5
22,5,108.2
14,2,89
6,2,94
16,1,149
7,1,149
11,1,385
27,3,149
3,1,149
19,3,65.66666667
83,3,149
34,1,154
43,2,149
77,7,139.2857143
29,1,149
36,2,149
52,3,201
39,3,149
43,1,149
49,3,149
42,1,149
44,3,112.3333333
63,2,157
65,2,149
63,3,147.6666667
107,6,168.3333333
57,2,269.5
49,2,269.5
10,1,149
53,1,149
3,1,149
40,2,86.5
10,2,149
7,1,109
58,8,326.625
102,4,244.5
44,1,154
74,4,89
43,1,154
34,4,86.5
22,2,84
,1,149
31,1,149
42,2,97
46,3,134.3333333
128,9,129.8888889
76,16,117.625
54,5,141
27,3,187.6666667
22,1,149
24,1,385
47,2,267
12,1,157
23,1,109
45,3,171
29,1,385
36,2,129
43,3,109
3,1,50
17,1,169
9,1,295
13,1,395
1,1,29
27,1,169
13,2,99
1,1,179
36,1,395
40,1,395
2,1,59
4,2,40.5
6,2,43.5
33,2,282
22,2,169
31,1,169
29,1,115
13,1,395
13,1,169
18,1,295
50,2,282
15,3,72.33333333
4,1,395
35,2,142
24,1,169
42,1,169
32,1,169
16,1,395
54,1,395
35,2,67
40,1,169
76,2,282
47,1,395
42,8,126
48,1,169
55,2,169
49,2,169
73,6,181.6666667
51,3,54.33333333
62,2,174
58,5,121.8
25,5,57
19,1,35
13,1,35
22,6,42.33333333
12,1,295
27,5,40.2
22,6,42.66666667
16,4,33.5
25,2,115
5,1,169
13,1,115
34,1,395
27,2,232
3,2,37
9,3,47.66666667
42,1,395
20,1,115
9,4,169
2,1,169
5,1,35
22,1,169
4,1,67
6,1,49
5,2,78
7,2,47
5,1,35
8,3,43
16,1,395
22,3,151
18,8,43.75
20,6,43.5
3,1,59
15,5,49.4
33,9,41.21111111
21,6,37.33333333
27,9,44.33333333
2,1,395
13,6,47
5,1,115
61,4,85.5
14,1,395
57,5,250.6
54,2,142
65,1,395
44,2,169
64,2,94
59,1,395
14,3,43.66666667
25,9,38.55555556
9,4,48.5
9,4,60
6,3,28.66666667
15,5,40.6
3,1,29
15,4,49
28,6,42.33333333
13,6,40.33333333
10,5,55
18,2,52.5
25,2,147
4,1,115
8,4,64
2,2,153.3
5,2,153.3
1,2,153.3
5,4,64.575
1,1,258.3
7,1,258.3
9,2,258.3
1,1,531.3
5,2,258.3
1,1,33.6
4,1,258.3
3,1,258.3
2,2,116.0705
24,13,79.09569231
10,6,61.42966667
13,3,157.4976667
37,28,52.38725
15,5,71.1312
17,13,103.1756923
4,2,61.6735
1,1,115.388
6,1,115.843
12,3,245.791
12,1,4.97
24,5,223.412
2,1,116.074
4,3,129.5723333
4,2,120.582
15,5,116.137
4,1,165.298
25,6,131.026
5,1,156.016
25,7,159.836
22,7,176.346
18,6,159.0715
27,10,181.7326
2,1,165.767
9,5,138.6308
19,2,141.3265
11,2,237.867
2,1,252.77
9,3,162.932
5,1,157.248
4,1,124.614
11,2,141.5435
18,5,138.8772
1,1,157.472
11,5,131.4362
6,2,125.23
9,2,156.849
3,2,235.907
4,1,153.111
4,2,192.962
2,1,236.908
1,1,144.011
2,1,162.68
5,2,198.324
1,1,148.288
5,2,150.668
5,1,153.111
3,1,153.111
4,2,195.762
4,2,262.129
4,2,175.385
3,1,81
10,3,80
3,1,81
3,3,81
6,2,81
6,2,47.5
3,1,81
6,1,81
5,3,81
4,2,79.5
10,5,67.6
12,2,81
14,4,64.25
5,1,81
17,2,81
8,1,81
9,2,78
7,2,79.5
4,1,81
16,1,81
2,1,81
7,3,66.66666667
10,1,69
2,1,81
2,3,58
,1,48
7,1,81
3,2,81
4,1,81
11,2,111.5
1,1,78
3,1,81
5,1,81
5,1,78
4,2,79.5
2,1,78
1,1,78
5,2,81
2,1,145
15,5,64.4
6,2,81
4,1,81
13,4,75.75
9,4,145.5
3,1,78
10,1,78
5,3,36.99666667
4,1,78
16,3,57.66666667
17,7,77.42857143
13,5,65.4
4,1,81
9,2,53.49
7,1,78
2,2,81
5,1,81
4,2,81
3,2,81
3,3,81
4,1,81
8,1,81
6,1,81
5,1,81
10,6,80.5
5,2,81
5,2,79.5
3,1,213
2,1,81
6,1,81
9,4,79.5
7,2,47.995
12,1,81
3,1,81
6,1,78
3,2,81
4,3,81
1,2,79.5
2,1,81
4,2,75
4,3,80
2,2,79.5
3,1,145
5,1,78
2,1,78
6,1,61
9,3,133.3333333
16,4,81
16,2,113
6,1,81
4,2,81
1,1,61
6,1,78
6,2,81
5,1,78
8,2,87.5
2,1,81
5,2,75
5,2,81
3,1,81
7,2,48.495
3,1,81
3,1,78
2,1,81
1,1,81
3,1,81
5,1,65.94
6,2,81
4,2,81
3,1,78
6,1,78
3,1,145
4,3,26.99666667
4,1,78
4,1,78
4,3,81
11,2,81
13,2,79.5
7,1,61
13,2,61
3,1,61
5,1,61
3,1,61
7,3,66.66666667
4,1,61
4,2,47.5
119,16,95.5
7,2,78
9,1,81
8,2,111.5
5,2,81
6,2,78
4,1,81
7,2,81
10,5,58.398
7,3,168
18,1,14
9,3,66.66666667
10,2,81
10,3,81
7,1,81
9,3,79
12,1,43
1,1,81
12,1,17
10,5,93.8
4,1,81
11,1,81
6,1,81
9,2,634
10,1,78
17,3,37.33333333
5,1,81
2,1,145
2,1,81
5,2,81
7,1,81
3,1,81
8,3,80
1,1,81
9,2,81
8,2,81
11,3,75
19,1,78
6,2,126.5
16,8,76.125
11,3,101.3333333
4,1,81
10,1,81
11,3,101.3333333
6,3,70
16,1,5
9,2,79.5
13,2,78
14,3,100
13,3,87.66333333
4,1,81
19,7,60.28571429
4,4,113
5,1,81
9,1,81
5,2,113
14,1,81
14,6,80
13,3,81
6,1,81
26,5,79.8
5,1,61
8,2,81
6,7,56.42857143
1,1,61
1,1,81
2,1,78
5,2,81
14,1,81
6,1,81
3,1,145
10,1,78
11,1,78
7,1,86
3,1,81
1,1,81
6,2,113
11,1,81
3,1,69
10,4,81
5,1,145
5,2,79.5
5,1,81
6,1,145
8,1,81
9,1,213
10,3,80
6,1,81
10,2,79.5
5,1,78
5,2,78
4,2,79.5
11,2,64.5
7,1,81
8,1,145
7,1,17
4,1,81
1,1,81
4,2,81
6,2,81
10,1,81
3,2,79.5
8,3,79
6,1,78
2,1,78
1,2,81
1,2,78
5,1,78
2,1,81
98,25,74.56
7,2,79.5
20,3,55.66666667
6,3,79
15,3,80
14,8,54.7475
11,1,81
8,11,73
11,1,69
11,2,81
13,1,78
11,2,111.5
4,1,78
7,1,81
2,1,78
5,1,81
4,1,81
1,1,81
3,2,81
2,1,81
6,2,55.49
1,1,30.98
2,1,81
2,2,78
3,2,81
4,1,78
6,1,81
8,2,64.5
12,3,94.66666667
10,4,112.25
8,4,80.25
7,3,80
11,3,79
32,10,78
10,1,81
18,6,79
10,1,81
4,1,12.99
17,3,80
12,4,77.25
11,5,81
6,2,75
17,6,68.33333333
6,1,78
6,3,80
4,2,79.5
5,1,81
2,1,78
7,2,81
4,1,17
8,2,79.5
26,1,69
9,3,102.3333333
5,1,81
6,2,79.5
6,3,81
6,2,81
13,2,81
17,3,78.66333333
6,3,102.3333333
5,1,81
8,2,81
13,2,79.5
6,1,81
21,4,80.25
11,3,81
12,1,81
15,4,79.5
8,2,71
9,1,78
5,1,78
16,2,47.5
6,3,80
6,1,81
4,3,37.33333333
2,2,81
15,2,79.5
9,4,79.5
7,1,81
3,1,81
2,1,81
5,2,81
6,1,81
7,2,79.5
5,1,78
10,1,81
5,2,79.5
3,1,81
3,1,81
6,3,101.3333333
4,2,47.5
9,1,78
8,1,81
116,13,85.23076923
9,4,80.25
11,2,113
12,3,79
4,1,78
1,1,213
12,2,81
13,5,106.2
8,2,81
13,3,57.66666667
9,5,80.4
5,4,77.2475
2,1,78
3,1,81
5,3,81
,1,81
3,1,81
3,2,81
3,1,61
3,2,79.5
1,1,81
2,1,81
10,1,61
4,1,81
2,1,81
9,2,79.5
11,1,81
2,1,145
4,2,40
4,1,81
4,2,47.5
11,1,81
24,5,80.4
9,1,78
14,2,47.5
21,8,80.875
10,1,81
10,2,79.5
13,1,81
10,1,43
12,3,59.66333333
14,2,79.5
14,3,81
6,1,78
11,3,75
15,2,79.5
6,2,79.5
7,1,81
5,2,79.5
5,2,79.5
4,4,145.5
2,1,81
3,1,81
9,1,81
9,2,69.5
7,2,79.5
7,1,78
6,2,79.5
4,2,78
5,1,81
2,3,78
7,1,78
5,2,81
3,1,81
6,4,79.5
5,1,78
3,1,17
3,1,78
1,1,81
7,2,81
11,3,81
20,4,54.25
5,1,81
4,1,81
8,2,39
4,2,81
2,1,81
5,1,81
5,2,23.49
8,1,78
16,1,78
6,1,81
17,2,79.5
13,3,80
8,2,81
16,2,81
12,4,79.5
21,4,80.25
5,1,78
9,1,78
6,2,78
13,2,115
13,5,73.2
11,3,81
12,3,46.33333333
19,3,61
11,5,64.4
6,2,69.5
11,1,78
17,2,61
19,1,61
22,3,66.66666667
6,2,79.5
6,2,26.5
6,1,61
8,2,103
5,2,61
11,2,61
6,3,66.66666667
8,2,81
5,10,71.4
13,2,61
12,1,61
3,2,69.5
13,1,61
6,1,61
12,5,52.2
7,1,78
6,4,78
24,3,61
3,1,78
9,1,81
10,1,81
4,2,47.5
8,2,81
11,1,81
8,1,78
3,3,79
11,3,61.99333333
4,1,81
11,1,81
4,2,78
17,2,213
4,4,63.7475
3,1,81
16,4,67.75
16,2,69.5
7,1,61
5,1,78
10,3,66
15,2,69.5
7,3,61
1,1,78
1,1,61
1,1,48
16,2,81
2,1,81
4,1,61
14,5,46.8
2,1,61
1,1,61
6,1,61
2,1,81
8,3,81
2,1,81
6,1,145
6,1,81
2,1,17
4,1,71
13,2,81
6,1,81
4,1,17
4,1,81
3,1,81
11,2,78
11,1,78
3,1,78
7,1,81
8,2,81
6,2,49
7,1,81
3,1,81
12,1,78
9,2,48.495
7,2,81
4,1,9.99
1,1,48
10,3,48
15,5,50
5,2,81
10,1,81
9,1,78
16,5,60.4
17,3,40
3,1,78
6,2,48
5,1,145
4,1,81
6,1,17
9,2,78
15,3,48
38,13,63.23076923
8,1,78
12,3,81
5,2,81
7,1,81
8,3,80
7,2,81
7,2,48
16,5,93.8
18,1,81
10,3,145
15,4,62.75
5,2,143
2,1,81
11,2,78
9,3,80
4,5,48
9,1,81
9,2,47.995
8,1,81
11,2,48
7,1,81
3,2,81
5,1,78
4,1,145
11,2,78
7,1,78
5,3,59
10,3,47.66666667
1,1,48
5,2,78
8,1,78
3,2,81
7,1,78
8,4,78
9,3,79
9,2,47.5
16,5,78
8,1,81
2,1,78
1,2,63
2,1,98
6,5,80.4
1,1,81
2,1,78
38,12,55.66666667
17,5,47.8
14,3,76
18,7,48
4,1,81
27,5,57.992
10,2,73
5,1,48
18,1,98
15,6,48
57,17,51.41176471
5,4,48
2,1,98
3,1,81
7,1,14
22,9,54.22222222
7,1,48
34,8,45.25
2,1,48
4,5,78.6
6,3,64.66666667
17,5,48
2,1,78
5,1,48
21,11,42.90909091
9,6,80.5
6,1,58
12,7,66.57142857
21,6,66.33333333
8,1,81
4,1,81
6,1,81
5,1,86
7,2,79.5
3,1,81
11,2,79.5
9,3,80
4,1,78
7,2,78
5,1,78
6,3,78
4,1,81
3,1,78
3,2,81
21,4,51
4,1,98
36,9,54.55555556
1,1,94
4,2,73
17,4,62.75
4,1,81
3,3,80
10,2,111.5
7,3,81
11,1,81
12,2,79.5
3,1,81
12,2,79.5
5,1,81
6,1,81
3,1,78
3,1,81
6,2,79.5
8,2,113
4,1,81
11,6,81
4,1,48
4,3,80
7,1,81
7,1,148
2,1,145
6,2,81
2,1,81
4,2,79.5
8,2,79.5
17,2,78
13,3,80
19,4,62.75
6,4,72.75
10,1,78
13,2,78
5,2,47.5
2,3,79
5,1,48
14,1,48
9,1,81
6,2,47.5
5,1,81
12,2,79.5
3,1,81
5,1,81
12,2,79.5
7,3,125
4,1,81
10,2,94.5
7,3,79
16,6,70.165
20,3,77
11,6,81
13,7,69.71428571
18,6,89.66666667
9,4,79.5
9,3,77.66666667
15,3,37.33333333
12,2,64.5
11,3,64.66
6,4,31.7475
4,2,81
20,5,81
1,1,81
4,1,81
3,1,78
8,1,78
12,5,74.4
22,6,80.5
5,1,81
9,2,81
11,3,81
9,3,81
16,2,81
9,1,81
40,7,99.42857143
10,3,81
30,8,72.125
10,3,59.66666667
10,2,81
7,1,81
14,2,81
5,2,78
14,7,79.71428571
10,6,80.33166667
10,1,81
6,1,81
10,3,80
12,5,79.2
7,3,81
27,10,80.7
2,2,79.5
17,5,86
7,2,81
15,2,45.495
17,8,80.25
15,3,80
24,6,48
3,1,98
9,2,49
12,1,81
11,1,81
8,2,81
6,2,49
10,1,81
7,1,81
21,2,48
5,1,81
8,1,81
8,2,79.5
8,1,78
13,3,58
11,4,80.25
10,3,81
8,3,70
11,1,81
14,2,79.5
21,3,86.66666667
6,1,81
5,1,43
8,4,78.75
8,1,81
2,1,78
7,2,81
9,3,80
5,2,81
5,2,81
7,1,81
8,3,78
4,5,80.4
6,2,79.5
14,1,81
8,2,81
8,1,10.4
6,1,78
17,2,81
12,4,64.5
5,1,78
10,1,78
9,3,81
7,2,79.5
14,2,81
8,1,143
2,1,78
7,1,78
9,3,57.66666667
5,1,48
8,2,48.495
7,1,81
7,3,81
9,1,81
8,2,81
8,2,79.5
6,2,81
3,1,81
1,1,81
1,1,78
3,1,94
3,1,81
12,2,81
13,3,81
11,2,81
8,4,81
7,1,78
12,3,81
6,1,78
16,2,79.5
9,2,81
8,1,81
6,1,81
5,1,81
4,2,79.5
12,2,79.5
11,3,48
5,1,81
6,1,81
8,1,78
7,3,123.6666667
8,2,81
4,1,81
4,1,81
16,5,80.4
15,4,80.25
5,1,78
6,3,80
8,2,81
9,3,80
4,1,78
6,2,79.5
6,4,79.5
5,1,81
6,3,80
3,1,81
9,3,80
12,1,81
1,1,78
11,3,125
7,1,78
9,14,78
12,2,79.5
11,3,81
14,6,80
14,4,80.25
11,4,97
2,1,11.99
7,2,43.995
12,3,82.33
14,3,125
11,1,81
9,2,79.5
14,3,103.6633333
14,4,39.5
7,1,48
17,2,48
32,8,48
1,1,81
6,2,81
7,1,78
2,2,81
3,1,69
4,1,81
1,1,81
1,1,81
5,1,81
2,1,81
3,1,78
3,1,78
6,2,81
4,1,145
10,1,81
7,1,17
3,1,81
8,2,81
6,1,81
3,1,81
7,3,81
3,1,81
16,3,80
5,1,213
7,1,81
12,3,81
13,4,80.25
7,1,78
5,1,78
10,2,81
4,1,81
10,3,81
3,1,81
16,4,79.5
10,3,81
5,2,81
2,1,81
10,3,58.66666667
10,2,81
8,2,81
1,1,81
2,1,78
7,1,78
1,1,78
,1,48
2,1,78
2,2,81
7,4,48
7,1,81
25,2,48
9,3,81
4,1,81
13,3,48
6,1,78
7,2,48
11,2,31
5,1,78
17,2,57.485
6,1,48
19,7,49.71428571
11,2,78
10,3,145
12,4,48
3,1,81
7,3,58.66666667
22,5,51.2
19,8,47.5
10,1,81
2,1,78
7,2,81
2,1,98
10,3,78
9,1,48
2,2,73
9,2,81
6,1,78
3,1,78
13,2,48
5,1,81
5,1,78
9,1,145
1,1,81
3,1,81
4,1,78
15,4,39.5
6,1,81
2,1,48
15,4,59.5
2,1,78
5,7,81
4,3,81
5,2,115
3,2,81
3,1,78
8,1,78
4,1,78
5,1,81
6,1,81
1,1,81
4,1,81
6,2,81
10,3,38.32333333
10,1,81
3,2,113
6,1,81
8,4,80.25
11,3,78.66666667
6,2,81
9,3,123.6666667
4,1,81
10,2,78
16,4,59.5
8,2,78
17,3,80
16,1,81
26,4,79.5
7,5,77.8
8,2,98
5,1,78
4,2,81
7,1,81
6,3,80
4,2,81
6,1,81
3,1,81
7,4,81
5,1,81
2,1,81
5,3,81
4,9,81
9,3,81
7,2,79.5
2,1,81
7,2,79.5
5,2,81
9,1,81
4,1,78
3,1,81
2,1,81
7,1,81
4,1,78
6,1,78
5,1,48
9,2,81
7,1,81
8,4,51
6,1,81
5,1,81
19,3,40
7,1,78
12,1,81
9,2,81
12,2,81
7,2,48
3,1,81
4,1,69
5,2,88
4,1,78
7,1,78
3,1,78
10,1,78
10,1,78
4,3,71
10,1,81
8,1,98
13,3,48
21,4,51
11,2,81
14,1,81
13,3,80
5,1,81
10,2,81
10,1,81
6,1,81
6,2,81
11,1,81
4,1,81
7,2,81
7,2,81
5,3,81
7,2,79.5
3,1,81
11,2,48
24,7,49.71428571
24,5,41.2
29,7,43.14285714
5,2,79.5
11,1,78
20,10,48
6,2,81
9,1,81
11,2,79.5
12,2,81
15,4,63.2475
16,4,72.75
3,1,78
12,2,81
5,2,57.5
25,13,48.92307692
8,1,78
3,2,81
7,2,78
20,7,42.57142857
6,2,98
11,8,91.75
12,1,48
19,9,53.33333333
43,19,44.42105263
11,1,81
4,1,81
10,1,78
11,3,81
8,2,81
12,2,79.5
10,1,81
12,3,80
1,1,69
2,1,98
9,3,57.66666667
5,1,78
4,1,78
4,1,98
6,2,98
20,6,50.66666667
13,4,48
7,1,81
6,2,81
10,2,79.5
9,1,81
8,1,81
8,3,70
13,3,58.33
12,2,49
6,3,80
14,1,81
8,2,81
10,1,78
7,2,81
6,1,98
3,1,81
9,1,81
8,1,81
5,2,79.5
7,1,81
7,3,81
15,3,81
10,3,81
6,2,79.5
13,1,78
9,1,81
13,2,81
15,1,81
10,1,78
13,9,80.33333333
14,3,80
6,1,81
37,6,50
14,2,48
24,5,34.4
10,1,48
23,5,34.4
14,6,42.33333333
23,3,36.66666667
23,7,44.85714286
11,3,79
11,2,48
15,4,48.75
19,7,38.28571429
9,1,51
10,4,48
17,4,84.5
24,4,48
21,6,48
10,2,48
18,6,55.66666667
19,14,51.28571429
20,4,48
16,6,55.66666667
15,8,43.75
30,9,45.55555556
20,10,34.4
15,7,48
24,5,48
11,3,79
4,2,48
20,7,48
26,10,41.2
20,5,43.6
1,2,48
14,1,48
13,8,43.75
3,3,48
9,2,48
14,3,51.33333333
16,5,41.2
7,5,50.4
9,5,57.2
6,3,48
8,3,51.33333333
15,7,48
16,8,48
25,7,38.28571429
14,3,52
16,4,48
11,1,48
9,1,94
15,4,48
9,3,36.66666667
11,4,48
13,5,41.2
10,2,71
2,2,48
4,2,48
2,9,48
6,1,48
10,2,48
13,8,48
20,5,57.2
8,2,71
20,2,48
9,6,35.66666667
23,5,27.6
15,3,48
16,3,48
9,1,48
27,5,57.2
34,7,49.71428571
24,7,48
14,3,48
27,4,59.5
23,1,48
41,8,59.625
31,11,57.54545455
18,7,43.14285714
17,5,48
31,13,49.84615385
23,5,43.6
33,6,36.66666667
1,1,48
5,1,48
10,1,48
18,5,50.4
4,2,48
22,4,48
12,3,48
5,1,48
6,2,33.5
2,2,94.5
5,1,48
17,7,43.14285714
34,8,56.75
4,1,48
35,11,44.90909091
17,2,71
35,12,64.41666667
19,5,48
24,8,55.25
18,2,48
2,1,48
4,1,94
26,6,57.83333333
35,5,50.4
6,3,48
28,11,41.81818182
25,13,49.61538462
16,4,62.75
22,7,41.71428571
15,3,48
30,5,48
27,3,51.33333333
18,6,55.66666667
12,4,43.25
17,1,94
26,6,57.33333333
19,6,61.5
35,6,55.66666667
12,4,59.5
30,12,52.91666667
17,4,48
17,4,53
25,6,50
42,10,61
27,4,48
22,3,36.66666667
27,2,48
29,6,42.33333333
25,6,59.5
32,4,48
24,4,39.5
46,15,64.06666667
14,4,39.5
18,3,48
20,6,63.33333333
32,11,47.09090909
17,4,48
24,5,50
19,3,48
31,9,54.22222222
14,6,71.16666667
24,10,48
22,7,38.28571429
16,6,44
21,3,51.33333333
21,3,63.33333333
28,3,36.66666667
6,3,48
28,8,56.25
18,4,48
18,7,49.71428571
18,4,59.5
27,7,52.28571429
17,5,48
33,7,56.28571429
27,4,59.5
29,4,50.5
29,8,43.75
17,3,48
25,4,39.5
27,2,48
10,3,37.66666667
33,4,82.75
26,6,48
29,2,48
26,3,51.33333333
33,12,46.16666667
31,6,55.66666667
18,4,71.25
15,4,51
15,4,48
13,3,48
9,2,71
20,6,48
19,4,36.75
13,5,41.2
22,8,48
14,4,48
12,2,31
17,2,94.5
11,2,48
15,1,48
14,3,48
13,2,48
9,1,48
14,3,63.33333333
14,2,48
16,3,63.33333333
17,2,48
27,5,41.2
20,3,48
19,3,51.33333333
3,2,48
16,5,66.6
17,6,42.665
11,4,48
21,7,48
32,1,48
18,3,51.33333333
18,3,48
1,4,48
9,4,48
11,6,36.66666667
16,3,48
26,8,65.375
21,4,48
15,4,48
29,7,54.57142857
18,2,48
15,3,48
39,16,51.875
40,8,43.125
22,4,48
16,3,63.33333333
25,9,49.33333333
40,21,44.76190476
10,3,48
36,12,53.91666667
29,14,52.14285714
26,10,57.2
49,6,49.66666667
23,8,49.5
23,8,50.75
20,5,48
26,7,43.14285714
8,3,48
13,2,71
23,10,45.6
17,5,41.2
28,4,59.5
25,1,48
10,1,94
32,6,42.33333333
34,6,55.66666667
40,11,42.72727273
33,5,48
52,13,48.76923077
23,6,42.33333333
29,4,39.5
21,4,39.5
19,9,54.55555556
18,2,48
22,5,41.2
28,10,58.2
15,2,31
13,3,48
12,5,48
17,4,48
13,3,48
18,5,48
10,4,48
9,1,48
11,2,48
14,5,50.4
15,2,48
23,3,63.33333333
24,4,48
18,1,48
15,10,72
3,2,48
13,4,48
13,2,48
12,5,48
4,2,48
6,2,48
14,2,94
4,1,48
35,10,45.8
20,11,53.09090909
15,8,49.5
11,6,36.66666667
12,4,39.5
20,11,46.90909091
17,5,41.2
29,8,53.75
12,5,41.2
17,5,57.2
21,9,44.22222222
20,3,48
23,5,66.6
26,7,48
25,8,40.75
16,4,39.5
10,4,48
20,4,39.5
5,2,31
24,3,48
31,7,54.57142857
18,1,94
5,2,48
10,4,51
7,4,48
9,4,48
10,2,48
3,2,48
11,3,48
14,3,48
12,4,48
5,3,48
11,4,48
4,1,48
12,4,48
4,2,94
11,3,36.66666667
22,5,48
27,6,38.33333333
25,5,41.398
11,3,48
18,1,48
5,1,48
4,1,48
18,1,14
12,3,63.33333333
4,2,31
3,1,48
18,4,51
6,1,58
9,3,48
7,1,48
4,1,48
19,4,59.5
12,1,48
8,1,48
7,4,48
16,3,36.66666667
14,3,36.66666667
9,5,48
16,2,71
19,6,50
15,5,50.4
4,3,63.33333333
4,2,48
7,1,48
9,4,48
22,3,48
7,1,94
4,2,48
16,5,48
8,2,31
5,3,52
16,5,50.4
10,2,48
12,4,48
20,6,42.33333333
15,2,53
15,3,48
11,5,48
11,4,59.5
12,4,59.5
6,2,48
4,3,36.66666667
25,4,39.5
7,1,48
22,2,48
18,3,63.33333333
18,3,36.66666667
36,10,58.1
25,4,48
27,8,60.75
24,8,55.375
24,6,42.33333333
8,3,48
7,1,48
15,5,51.8
29,5,48
17,2,48
28,5,57.2
22,9,40.44444444
18,2,48
24,5,43.6
17,2,48
17,2,53
31,6,55.66666667
32,5,59.2
21,1,48
17,5,41.2
17,6,65.33333333
9,2,48
13,4,59.5
4,3,48
6,1,48
14,1,48
3,3,36.66666667
6,2,48
23,5,50.4
15,3,48
8,4,39.5
8,2,94.5
12,1,48
17,3,48
24,6,55.66666667
22,6,42.33333333
4,2,53
22,11,52.18181818
12,3,48
10,1,48
32,7,56.85714286
16,1,48
13,5,75.6
21,2,48
16,1,48
19,7,38.28571429
19,7,48
13,3,48
24,12,46
13,1,48
9,2,48
16,4,51
11,3,48
13,1,48
11,4,53.5
9,3,63.33333333
14,1,48
12,3,63.33333333
11,4,41
16,6,42.33333333
18,5,41.2
26,6,42.33333333
14,2,48
11,2,48
16,5,68.8
17,2,48
12,4,51
28,7,56.28571429
17,1,94
33,5,48
16,2,48
35,8,45.25
39,6,94.5
14,5,50.4
14,2,71
5,1,48
26,8,45.25
15,2,48
16,5,41.2
11,3,51.33333333
13,5,57.2
14,3,48
17,6,48
12,6,63.33333333
23,5,41.2
14,4,50.5
5,2,48
14,6,50
12,3,78.66666667
17,3,63.33333333
16,5,48
4,1,48
22,8,43.75
19,3,48
1,1,48
20,6,38.33333333
18,2,31
15,6,48
26,13,45.38461538
20,11,44.90909091
18,4,62.75
33,7,54.57142857
3,1,48
11,3,48
22,10,45.8
22,5,41.2
13,5,59.8
19,4,59.5
23,11,48.90909091
18,5,50.4
19,4,39.5
20,4,59.5
16,2,48
23,8,48
28,5,48
18,8,46.25
9,2,31
14,5,48
35,9,60.44444444
2,2,48
9,2,94.5
5,1,48
8,2,48
1,1,14
8,5,53
6,2,48
14,6,48
8,4,60.5
1,1,48
12,6,42.33333333
12,4,51
13,6,47.33333333
5,1,48
10,2,48
9,2,48
8,1,48
9,5,48
8,2,48
20,2,48
4,2,48
4,2,48
6,5,57.2
16,2,48
2,2,48
10,3,48
10,1,48
3,1,48
10,2,48
15,4,48
28,9,44.22222222
18,6,55.66666667
13,4,62.75
11,3,54.66666667
16,4,42
15,3,48
5,2,48
17,2,29
7,3,48
6,3,63.33333333
7,2,48
14,1,48
3,2,71
20,8,50.5
19,4,62
17,1,58
9,4,48
9,2,53
4,1,48
4,1,48
10,2,31.995
11,2,48
18,6,44.33333333
16,5,41.2
10,4,48
14,5,57.2
14,1,48
10,2,48
13,4,31
10,1,94
13,4,51
19,7,49.71428571
5,1,48
9,1,48
4,2,48
5,1,141
6,1,48
5,4,48
8,2,48
10,1,48
4,2,48
10,5,57.2
10,3,36.66666667
2,1,48
15,8,45
5,3,36.66666667
5,1,48
8,1,48
12,4,39.5
11,2,71
10,4,48
15,3,48
7,1,48
7,1,48
18,4,39.5
11,6,55.66666667
14,6,48
9,3,48
14,3,48
5,4,48
9,3,79
12,3,48
11,11,68.90909091
13,4,48
17,4,59.5
11,3,67.33333333
4,1,48
12,3,48
8,2,31
8,4,51
13,5,41.2
19,11,46
5,2,48
7,2,48
9,2,53
9,3,51.33333333
7,2,48
16,4,44.25
10,3,48
14,6,48
12,4,48
6,3,63.33333333
15,2,48
11,1,94
17,5,41.2
9,5,41.2
6,1,48
12,3,63.33333333
19,6,50
9,5,75.6
9,6,48
10,3,48
12,7,39.71428571
11,2,48
16,8,54.25
9,3,63.33333333
12,1,48
15,3,48
9,3,48
8,3,37.33333333
8,4,59.5
10,3,40
8,3,48
16,4,65.25
10,4,71
6,2,53
4,1,94
17,3,63.33333333
8,4,42.5
7,1,48
9,2,48
7,1,48
4,1,48
9,2,48
10,2,48
9,3,48
16,2,31
8,2,31
19,7,38.28571429
8,1,14
11,2,73
15,6,50
12,1,48
14,2,48
10,6,48
8,2,71
9,1,48
5,1,48
9,4,40.25
18,5,59.8
11,3,78.66666667
8,4,48
15,3,48
19,1,94
19,1,48
12,2,48
10,2,48
11,2,48
5,4,48
9,2,48
1,1,48
4,1,48
17,3,50.66666667
15,5,43.6
3,2,94
10,2,48
8,1,48
6,2,31
7,2,31
8,1,48
5,1,48
7,1,94
19,4,59.5
11,2,48
9,2,48
11,3,48
12,3,52
10,4,48
14,1,48
6,1,48
7,2,48
7,2,48
11,3,48
6,5,34.4
10,1,48
14,2,36
6,2,48
3,1,48
9,2,48
13,4,48
12,3,63.33333333
10,2,48
10,4,39.5
7,1,48
9,2,48
11,3,48
13,3,36.66666667
2,1,48
4,2,117.5
6,1,48
11,2,53
20,4,48
6,1,48
10,5,66.6
15,2,48
8,2,31
16,1,48
9,4,48
17,4,39.5
3,3,36.66666667
8,1,48
12,2,71
12,3,48
9,1,48
9,2,48
6,2,71
6,2,48
4,2,94.5
9,5,34.4
11,3,36.66666667
15,5,41.2
6,1,48
14,7,33.28428571
9,3,63.33333333
16,5,41.2
12,1,48
15,6,48
8,3,48
7,1,48
8,2,48
10,2,48
3,2,48
5,1,48
8,3,63.33333333
8,3,48
13,5,57.2
4,2,48
11,3,63.33333333
11,1,48
9,3,48
12,1,48
13,6,48
14,7,38.28571429
19,4,48
21,5,57.2
8,3,36.66666667
22,7,48
10,2,48
7,2,71
23,9,41.55555556
16,1,48
13,2,48
16,4,39.5
6,1,48
9,1,48
12,1,58
11,1,48
13,4,59.5
8,1,48
17,3,48
17,5,41.2
10,3,48
18,3,48
24,9,40.44444444
22,4,39.5
16,3,48
15,9,48
21,5,48
11,3,48
27,7,54.57142857
8,2,71
5,1,48
13,6,49.66666667
19,5,48
7,2,48
11,4,48
11,4,48
11,6,55.66666667
21,5,32.8
23,3,63.33333333
17,4,59.5
24,8,53.75
9,5,41.2
9,4,50.5
9,3,51.33333333
14,3,36.66666667
9,2,48
9,4,48
6,3,63.33333333
3,4,48
14,2,48
9,3,63.33333333
9,3,35.33333333
6,3,79
9,2,48
7,1,48
13,5,41.2
5,1,48
22,6,42.33333333
2,2,48
17,4,59.5
16,3,40
15,4,39.5
30,1,48
19,5,50
25,9,45.55555556
22,4,33.5
7,2,48
14,3,63.33333333
9,1,48
15,4,51
7,1,94
15,2,53
27,6,61.16666667
18,4,59.5
27,7,50.85714286
2,1,48
3,1,48
19,7,43.14285714
26,8,39.5
21,3,51.33333333
34,11,34.54454545
47,7,48
2,1,48
14,7,44.57142857
12,1,14
8,2,71
1,1,48
10,3,48
16,4,51
9,4,48
21,8,55.375
15,2,53
12,5,57.2
13,2,48
13,4,48
11,2,48
7,1,48
12,3,48
6,2,71
10,2,31
9,3,48
12,3,78.66666667
16,9,45.33333333
7,2,71
10,2,50.475
3,1,48
5,1,48
8,1,48
8,2,31
5,3,48
10,2,48
6,3,48
7,2,48
5,2,48
5,1,48
10,2,48
9,5,41.2
4,1,48
7,2,48
7,3,48
1,1,58
6,1,48
12,6,36.66666667
4,2,48
5,1,48
10,2,48
8,3,48
20,4,48
13,1,48
4,1,48
10,2,48
15,2,48
23,2,48
17,4,48
12,4,50.5
16,3,48
20,4,48
11,3,36.66666667
9,1,48
12,7,48
37,13,53.23076923
10,5,48
15,5,48
15,5,48
11,1,48
11,2,48
18,5,48
9,3,48
10,3,48
8,2,48
9,3,36.66666667
11,4,39.5
7,2,48
21,8,22.5
8,5,57.2
17,5,29.2
14,4,48
20,6,44.33333333
9,4,48
7,2,48
27,8,42.125
13,2,43.5
22,6,57.83333333
29,10,52.6
16,5,53.398
27,2,48
9,2,48
19,6,41
15,3,36.66666667
18,1,48
15,2,71
25,6,44
7,2,48
7,1,141
16,7,48
12,3,36.66666667
12,3,51.33333333
7,4,51
5,1,48
11,1,48
23,8,48
14,4,48
9,2,48
8,4,48
13,4,59.5
6,2,48
9,2,48
11,2,48
14,3,48
12,1,48
23,5,48
8,2,48
16,1,48
1,1,48
8,1,48
12,3,52
5,1,48
4,4,39.5
9,4,59.5
13,3,48
15,2,48
11,4,71
18,5,52.4
15,6,86.33333333
19,3,48
14,4,48
12,4,48
21,5,43.2
13,5,48
38,6,55.66666667
27,4,39.5
7,3,63.33333333
15,2,48
6,1,48
7,2,48
6,2,53
14,4,48
10,1,14
9,3,35.33333333
7,2,48
19,7,61.28571429
9,3,48
6,1,48
22,9,49.33333333
13,2,48
17,6,55.66666667
10,2,48
7,1,48
15,8,43.75
8,3,36.33
11,2,48
6,2,31
13,3,63.33333333
18,2,48
14,1,48
18,4,48
20,4,39.5
7,2,48
23,7,49.71428571
15,4,39.4975
27,3,38.33333333
14,3,48
19,3,48
20,6,52
13,3,63.33333333
14,11,56.36363636
18,5,57.2
8,3,36.66666667
6,4,48
22,7,44.85714286
4,1,48
29,3,48
5,4,48
10,5,48
7,2,48
19,4,50.5
14,4,48
7,2,71
11,4,48
10,3,36.66666667
12,2,48
9,1,58
9,3,48
15,2,48
9,2,31
17,7,43.14285714
10,1,48
14,4,51
15,4,48
33,6,63.33333333
34,9,49.33333333
16,5,48
4,1,48
14,6,42.33333333
11,2,48
10,3,63.33333333
8,2,48
10,3,56.99333333
6,2,48
11,5,41.2
11,5,43.6
6,1,48
11,4,42.5
19,2,48
18,5,41.2
13,5,50.4
8,4,39.5
18,8,39.5
13,5,57.2
14,2,71
14,5,34.4
3,1,48
8,2,141
16,3,36.66666667
14,7,48
17,2,48
15,10,38.8
7,1,48
9,1,48
26,6,49.66666667
42,17,44.70588235
13,3,48
11,6,44
9,2,48
12,2,48
24,1,14
23,6,42.33333333
14,3,48
10,2,48
18,3,63.33333333
24,2,71
9,2,48
10,2,48
15,4,48
29,8,43.75
11,3,48
16,7,38.28571429
7,2,48
22,5,68.6
27,7,48
6,1,141
21,6,42.33333333
19,8,43.74875
22,3,48
29,9,49.33333333
42,6,36.66666667
45,8,60.75
37,8,49.5
8,3,48
9,1,78
15,4,48
10,1,58
8,4,48
28,6,50
37,6,50
26,1,48
36,7,49.71428571
29,4,59.5
34,6,45.66666667
24,2,94.5
24,3,48
24,5,50.4
41,4,48
55,9,53.11111111
41,8,51
40,6,48
28,8,35.25
26,5,57.2
3,1,48
19,8,43.75
7,2,72.5
21,3,63.33333333
23,5,48
9,3,48
11,3,63.33333333
22,3,36.66666667
27,7,49.71428571
18,4,71
21,2,48
20,5,75.6
38,11,48
19,3,48
11,3,36.66666667
42,7,43.14285714
24,7,48
29,4,71.25
25,4,48
32,6,42.33333333
38,6,43.16666667
22,8,50.5
26,3,45
35,7,54.57142857
17,1,48
21,10,66.4
7,2,71
1,1,48
11,4,59.5
3,1,58
11,2,48
11,4,48
5,2,53
5,1,48
7,3,80
12,1,48
11,3,63.33333333
7,3,48
7,1,94
6,1,48
9,3,48
9,3,63.33333333
8,5,57.2
6,3,36.66666667
8,2,48
8,2,48
3,3,48
6,2,48
12,3,78.66666667
8,1,48
7,2,48
11,3,36.66666667
10,4,39.5
15,5,48
9,1,48
4,1,48
13,3,48
13,3,48
18,6,50
34,10,39
22,7,49.42857143
14,4,48
9,1,48
16,3,48
9,2,48
28,4,39.5
10,1,48
12,4,51
12,2,48
6,2,48
7,3,48
3,1,48
8,1,48
9,3,48
15,6,65.83333333
26,8,39.5
14,4,48
17,6,50
12,6,64.66666667
11,3,63.33333333
13,4,48
9,1,48
13,9,49.11111111
24,6,59
10,4,48
13,5,41.2
12,3,48
18,3,63.33333333
52,17,46
40,10,52.6
17,8,48.5
22,7,56.42857143
24,4,39.5
11,6,42.33333333
22,5,43.6
13,1,94
7,2,48
13,2,48
17,5,75.8
30,14,44
29,7,48
22,6,42.33333333
14,3,63.33333333
29,8,43.25
3,2,48
12,3,63.33333333
4,1,48
15,4,39.5
13,4,48
6,1,141
16,3,48
11,8,34.75
23,7,56.28571429
5,1,48
12,4,60.5
29,6,52.16666667
23,4,48
9,2,48
16,3,48
19,3,48
17,4,51
26,5,48
21,5,41.2
24,4,50.5
31,5,68.4
34,7,48
5,1,48
10,1,48
27,10,46.899
43,5,57.2
42,18,38.55555556
30,9,50.44444444
38,16,43.75
35,12,48
31,8,43.75
45,10,66.5
36,15,46.53333333
21,5,61.2
34,11,57.45454545
50,17,51.41176471
36,13,55.84615385
43,10,48
37,5,57.2
24,8,66.875
42,13,54.92307692
31,6,65.16666667
44,15,50.06666667
42,19,41.94736842
28,8,53.75
30,10,37.7
52,20,47.05
52,18,40.44444444
33,5,41.2
41,11,53.36363636
59,14,46.14285714
37,10,52.6
27,7,48
14,5,50.4
17,4,50.5
15,3,51.33333333
10,1,94
24,3,48
30,5,61.2
19,5,75.8
30,6,44
15,5,48
20,9,40.77777778
16,6,55.66666667
32,6,42.33333333
30,9,59.66666667
30,4,48
29,7,49.71428571
19,7,43.14285714
18,4,50.5
24,8,44.125
10,2,31
28,7,44.28428571
38,7,37.71285714
20,4,39.5
16,10,47.1
6,1,48
20,5,48
15,6,36.66666667
8,3,80
6,1,48
19,8,49.25
13,5,48
9,4,39.5
14,4,48
14,6,51
9,2,48
12,1,94
13,8,59.5
13,3,36.66666667
17,5,48
6,2,48
12,4,48
4,1,48
17,2,48
8,1,48
8,1,48
20,3,63.33333333
22,3,52
35,7,44.57142857
34,7,56.42857143
22,6,55.66666667
34,9,41.55555556
34,14,55.42857143
25,9,48
13,3,48
8,2,48
2,2,48
20,3,48
10,2,48
15,4,48
23,4,51
17,8,43.75
13,5,48
32,5,50
16,3,35.33333333
12,2,48
13,3,63.33333333
15,4,71
22,4,59.5
20,5,48
18,1,48
33,13,45.38461538
15,4,48
43,4,48
11,5,59.6
6,2,48
7,4,48
18,3,48
9,3,36.66666667
26,4,48
7,3,48
8,3,48
8,2,48
11,1,48
9,3,48
21,10,43.6
16,5,41.2
11,1,48
11,2,48
8,4,59.5
13,5,50
21,4,59.5
19,3,51.33333333
21,9,61.33333333
17,2,48
24,9,54.44444444
23,4,48
18,2,71
18,5,41.2
8,2,94.5
22,6,36.66666667
35,7,56.28571429
28,5,57.2
10,5,57.2
26,5,48
36,6,36.66666667
31,7,49.57
33,9,58.22222222
42,14,44.71428571
57,14,44.85714286
41,16,47.375
53,16,45.875
27,14,53
33,13,46
4,2,48
13,3,48
8,3,63.33333333
9,1,48
7,1,48
20,4,48
8,4,50.5
18,1,48
7,2,48
12,1,48
5,1,48
15,4,51
13,4,48
22,7,55.42857143
19,1,48
9,4,48
31,4,50.5
20,8,61
14,4,48
22,8,48.375
25,6,48
13,3,48
15,3,48
33,9,43.66666667
16,5,41.2
19,3,36.66666667
25,2,48
25,3,48
30,2,48
23,6,42.33333333
29,8,52.25
16,7,43.14285714
3,2,48
13,1,48
17,3,48
9,1,48
15,3,48
9,1,94
18,3,48
12,2,48
24,7,39.71428571
25,3,51.33333333
25,3,52
2,1,48
44,7,49.71428571
17,1,94
30,15,57.4
11,2,31
2,1,48
8,1,48
3,1,94
7,1,48
25,6,51.66666667
11,4,48
25,1,48
22,3,79
10,3,48
10,2,48
20,9,48
14,4,59.5
14,7,33.42857143
24,10,48
8,1,48
21,3,52
11,5,48
18,4,42
11,5,41.2
14,3,48
20,7,49.42857143
8,2,48
13,3,48
2,1,48
16,7,43.14285714
14,2,48
13,4,59.5
14,5,43.2
12,3,48
16,4,39.5
5,1,48
7,4,48
10,3,52
11,3,36.66666667
17,2,48
14,2,48
18,5,50.4
12,4,50.5
20,6,85.66666667
25,5,48
18,5,57.2
18,9,63.33333333
21,12,42.33333333
15,2,54
5,2,48
18,2,48
4,1,48
4,1,48
10,3,48
12,1,48
9,2,53
14,2,48
11,1,10
11,1,48
18,6,52
10,2,48
8,2,48
20,6,42.83333333
28,6,50
23,4,48
25,4,59.5
17,2,53
41,5,48
15,4,59.5
30,1,48
11,2,63
7,1,48
21,6,48
50,24,44.75
9,4,48
24,5,57.2
13,7,48
31,8,51
26,7,48
22,9,53.11111111
22,9,35.66666667
23,8,43.75
25,15,66.4
34,12,53.83333333
7,3,48
29,1,94
45,7,44.57142857
11,2,48
16,6,51.33333333
10,1,48
14,1,48
9,1,48
11,4,55.5
3,2,48
16,8,45.25
19,5,41.2
8,2,71
15,4,48
13,4,48
18,4,62
18,6,50
38,10,37.8
7,3,36.66666667
7,1,48
33,4,48
50,14,43.14285714
20,6,57.66666667
53,7,49.71428571
17,3,36.66666667
29,12,49.83333333
48,13,43.30769231
32,9,53.11111111
13,8,49.25
30,3,36.66666667
28,11,44.90909091
47,17,46.11764706
30,12,51.08333333
9,3,54.66666667
19,3,63.33333333
14,5,34.4
16,8,48
41,8,48
12,4,39.5
27,12,43.33333333
8,3,38.33333333
17,2,48
11,1,48
9,4,48
20,5,57.2
10,4,39.5
4,1,48
7,1,48
9,3,48
2,1,48
4,1,94
29,2,53
2,1,48
7,1,48
4,3,48
6,1,48
3,1,48
9,3,48
2,1,48
5,1,48
15,3,48
16,3,48
15,5,66.4
6,2,48
7,2,48
6,2,48
15,2,48
16,3,48
7,1,48
9,2,48
9,1,48
9,2,48
17,5,70.4
5,2,31
7,5,41.2
23,5,57.2
13,4,59.5
11,2,48
13,1,48
14,2,48
15,1,48
15,4,71
30,5,59.2
23,3,48
12,3,48
10,2,48
17,3,66.66666667
15,3,36.66666667
11,3,63.33333333
8,2,48
12,3,48
10,5,48
3,1,48
6,2,48
13,4,48
8,1,58
29,5,54.6
26,2,71
60,6,48
10,4,48
15,2,48
14,1,48
11,1,48
6,1,48
10,5,48
5,3,36.66666667
10,1,94
7,1,48
17,2,48
18,5,34.4
11,3,63.33333333
4,1,58
3,1,48
9,3,63.33333333
7,1,48
10,2,48
14,3,48
7,2,48
3,1,48
14,4,39.5
13,1,48
6,2,71
6,1,51
5,3,63.33333333
7,1,48
3,2,48
7,1,48
9,3,48
14,6,37.66666667
6,1,48
6,1,48
12,3,36.66666667
11,1,48
8,3,48
13,3,51.33333333
45,6,83.5
24,2,69.5
9,3,72.33333333
22,3,66.66666667
14,1,78
19,5,61
17,3,94.66666667
35,13,94.69230769
15,3,66.66666667
21,6,70
33,5,67.8
25,1,78
23,4,124
42,4,69.5
45,11,73.27272727
6,1,78
62,7,73.14285714
23,3,72.33333333
12,2,61
49,9,64
79,10,74.6
60,9,93.22222222
77,7,75.57142857
47,13,60.23076923
105,14,90
85,16,81.125
68,8,62.25
60,5,84.6
58,9,68.55555556
38,5,74.6
10,1,61
17,1,78
7,1,61
3,1,61
18,2,61
15,5,64.4
14,4,70.25
5,3,66.66666667
8,2,69.5
2,1,61
8,2,61
3,1,61
22,3,72.33333333
11,2,61
20,3,66.66666667
11,2,61
6,1,78
3,1,78
6,1,78
27,5,74.6
26,4,78
7,2,78
8,3,79
5,1,81
15,6,75.16666667
8,2,69.5
13,2,69.5
7,2,78
29,8,78.75
8,1,61
23,7,70.71428571
8,3,61
12,5,64.4
7,1,61
7,1,61
13,4,71
9,2,111.5
2,1,61
10,2,61
7,4,54.75
12,1,81
10,1,61
8,1,61
112,13,100.1538462
15,3,101.3333333
10,1,78
27,4,79.5
20,1,89
21,3,79
19,2,78
9,1,78
18,4,113.25
22,2,85
38,5,79.2
18,4,97
13,5,80.4
22,7,69.99285714
9,2,57.5
21,3,79
20,2,78
26,5,72.6
56,6,79
46,5,79.2
51,7,77.71428571
40,8,71.875
40,6,90.16666667
30,4,96.25
43,4,94.75
34,2,81
42,3,102.3333333
13,2,113
39,4,81
23,5,64.4
19,2,48.5
27,1,78
7,1,145
9,3,66.66666667
53,7,79.71428571
19,5,106
19,6,102.1666667
31,2,79.5
21,1,78
20,5,81
13,4,62.75
29,3,102.3333333
29,6,78.5
34,5,79.2
49,7,88.85714286
52,12,81.8325
44,5,80.4
43,3,80
46,3,102.3333333
60,11,76.72727273
27,10,80.1
2,1,78
8,2,69.5
7,1,61
97,16,96.1875
10,2,79.5
161,16,76.0625
81,11,85.18181818
72,6,79
17,3,79
10,2,79.5
7,1,81
18,2,79.5
11,1,145
5,1,81
15,1,81
12,2,81
16,5,80.4
13,2,81
31,3,80
11,3,58.66666667
17,3,79
18,5,79.2
24,2,78
27,9,79.66666667
16,4,96.25
11,1,81
17,2,147
11,1,81
9,2,79.5
13,1,78
16,2,79.5
13,2,111.5
5,2,79.5
9,4,78.75
8,1,61
3,1,78
20,4,94.75
10,4,58.5
3,1,61
6,2,61
8,3,66.66666667
17,1,78
4,1,145
19,2,103
8,3,78
9,2,78
7,4,107.25
3,3,72.33333333
2,1,61
9,5,65
14,4,54.25
8,3,102.3333333
5,2,78
20,6,111.5
6,2,78
6,1,61
21,2,111.5
8,1,78
12,3,61
19,4,99
9,1,78
4,1,81
7,3,79
5,1,81
6,3,80
12,8,112.25
3,1,78
5,2,79.5
14,4,80.25
4,2,79.5
9,1,78
7,2,47.995
19,1,81
44,3,101.3333333
9,1,78
12,2,79.5
24,4,64.25
21,3,81
13,1,145
9,1,17
17,1,78
10,2,145
10,1,78
5,1,12.99
55,3,102.3333333
8,2,111.5
7,1,78
18,1,78
10,1,78
11,1,78
5,1,78
6,1,81
16,2,69.5
8,2,61
2,1,61
29,7,106.7142857
25,3,78
43,11,85.18181818
107,32,74.7703125
99,7,97.28571429
51,2,145
99,17,78
34,6,70.33166667
26,2,78
7,1,78
35,8,87.125
27,2,78
23,2,78
17,1,78
28,7,69.71428571
13,2,79.5
14,1,78
15,2,61
28,13,59.92307692
10,3,78
7,1,78
12,2,69.5
14,3,78
26,7,79.28571429
1,2,79.5
27,1,78
15,2,81
18,2,79.5
80,8,79.875
157,11,85.72727273
82,10,112.4
44,9,71.55555556
36,3,80
66,15,87.53333333
28,7,65.85714286
15,1,78
4,2,111.5
13,1,81
12,1,78
17,2,78
16,6,37.33333333
6,4,78
8,1,78
6,2,111.5
12,2,78
8,3,80
9,2,61
10,3,100.3333333
16,2,78
10,5,78
27,4,94.1625
34,4,78
47,12,73.16666667
11,1,78
17,5,43.4
7,3,61
6,2,71
10,1,61
11,1,78
20,2,46
8,3,100.3333333
10,3,66.66666667
9,1,78
3,1,78
1,1,61
9,1,78
5,1,78
10,5,64.4
7,1,78
10,1,78
14,1,78
5,2,78
5,2,47.5
8,1,17
8,2,78
3,1,78
6,2,98.5
6,1,78
3,1,61
5,1,78
5,2,47.5
33,5,79.8
62,8,80.625
75,19,83.89473684
50,3,81
45,7,78.42857143
32,2,78
57,8,96.75
53,4,81
87,12,79.5
38,14,70.57142857
34,5,70.73
29,6,68.44166667
15,5,66.4
18,2,78
19,4,80.25
75,9,72.22222222
85,18,78.88888889
1,1,78
111,14,83.64285714
11,3,73.33333333
20,2,79.5
158,33,86.21212121
32,4,113
26,3,79
7,3,46.33333333
19,8,71.625
15,4,50
13,1,61
9,3,78
4,1,61
29,12,73.75
7,1,61
1,1,61
3,1,61
16,3,61
37,4,78.75
8,1,81
5,2,79.5
25,5,79.8
22,5,79.8
13,2,81
25,7,79.28571429
12,4,96.25
15,6,79.5
11,3,78
9,1,17
22,4,79.5
34,3,80
18,2,42.995
7,4,64.25
10,2,113
3,1,17
7,3,26.33333333
6,2,15.5
45,14,33.71428571
16,7,27
42,13,34.84615385
4,2,16.5
33,6,23.83333333
16,11,13.72727273
36,6,25.5
39,12,27
1,1,14
52,14,21.85714286
88,20,20.15
126,34,20.47058824
104,21,19.47619048
10,2,19
1,1,19
105,40,20.875
73,19,19.78947368
62,14,21.07142857
170,39,22.17948718
18,8,20.5
57,16,22.9375
38,3,22.33333333
18,4,20.25
119,29,25.06896552
105,22,24.09090909
75,20,27.3
62,11,15.36363636
106,20,15.65
112,26,21.73076923
274,59,17.6440678
135,25,22.52
36,9,23.33333333
108,22,24.90909091
77,20,18.1
123,46,25.30434783
86,23,32
12,1,14
115,21,24.80952381
34,5,23.8
47,5,18.2
81,13,21.15384615
64,13,26.69230769
95,30,18.53333333
155,37,20.56756757
99,24,23.625
83,26,27.76923077
4,1,48
11,6,34.83333333
5,2,48
20,3,48
13,1,48
14,3,48
13,5,41.8
31,5,49.2
22,1,94
4,1,58
12,3,63.33333333
7,1,94
7,3,36.66666667
17,4,62
16,2,71
11,2,48
2,1,94
4,1,48
21,2,48
11,1,48
17,4,48
12,3,48
13,1,48
8,2,48
8,2,51
8,1,48
,2,48
7,1,51
34,10,62.7
20,3,48
7,1,48
6,5,57.2
6,3,37.66666667
12,8,51.875
20,4,72
6,2,48
10,5,57.2
34,1,48
7,2,48
4,1,94
4,2,48
4,1,48
8,2,48
5,1,48
10,2,48
6,2,71
7,3,63.33333333
9,1,58
9,2,48
8,2,48
11,3,63.33333333
12,4,48
12,3,48
10,1,48
12,3,36.66666667
16,5,41.2
35,10,48
25,4,42.5
20,6,50.16666667
18,8,39.5
22,4,47.75
23,1,48
8,1,48
6,1,48
36,8,53.75
40,9,44.88888889
33,8,61.375
24,5,48.6
27,6,56.16666667
26,4,61
16,6,44.33333333
33,8,58
12,4,48
26,3,35.33333333
17,3,51.33333333
7,2,48
24,7,38.28571429
8,3,48
13,2,71
25,8,43.75
11,2,48
13,4,39.5
7,1,94
10,3,66.66666667
15,4,54.25
7,1,48
9,3,63.33333333
17,7,38.28571429
9,3,24
13,5,40.2
2,1,14
18,3,63.33333333
8,1,48
9,4,48
15,2,48
9,3,36.66666667
15,4,37.25
21,7,38.28571429
17,3,36.66666667
16,8,43.75
30,12,34.91583333
14,2,48
29,4,71
34,8,50.625
18,4,48
18,4,59.5
16,5,75.6
18,3,94
11,3,45
15,2,71
15,5,50
22,2,71
8,2,48
20,4,39.5
40,20,55.05
15,3,51.33333333
30,5,48
9,3,64.33333333
12,4,48.75
16,5,48
20,6,46.83333333
18,6,35.33333333
19,9,42.33333333
11,5,57.2
45,5,34.4
13,7,42.42857143
19,8,38.375
20,7,37.57
30,4,71.25
29,9,54.22222222
6,2,31
15,6,49.66666667
21,7,61.14285714
17,5,41.2
6,1,48
7,3,48
10,4,46.75
3,1,94
10,2,48
24,8,43.75
17,5,48
13,7,48
18,5,75.8
6,2,48
32,12,45.91666667
1,1,48
24,4,39.5
5,2,31
9,2,48
8,5,48
14,6,43.66666667
10,2,71
10,5,48
11,2,94
6,1,48
6,2,36
3,3,48
8,3,36.66666667
1,2,31
4,2,48
8,4,31
6,1,48
10,2,48
7,3,48
7,4,48
8,2,48
3,1,48
11,3,48
17,6,42.33333333
3,2,48
4,1,48
11,7,43.14285714
9,1,48
7,2,71
10,3,36.66666667
14,3,48
10,1,48
9,2,117.5
9,6,48
3,1,51
6,3,49
13,4,51.75
8,3,52
8,2,31
5,1,48
7,1,94
3,2,53
12,1,48
4,2,48
14,2,31
17,6,55.66666667
9,5,48
20,3,48
12,8,53.75
12,2,48
12,4,50.5
12,9,51.33333333
7,2,48
12,5,41.2
7,2,48
8,2,48
14,1,48
10,5,50
9,1,48
14,3,40
10,2,48
12,2,31
6,2,48
4,3,48
2,1,51
6,1,48
14,4,48.75
3,2,48
12,4,48
5,1,14
15,4,51
10,5,50
17,5,57.2
15,4,48
8,3,51.33333333
12,4,48
14,1,94
15,4,48
6,2,48
5,2,48
8,1,48
15,8,54.875
17,3,48
4,1,48
10,2,48
2,1,58
9,2,48
19,6,42.33333333
12,4,48
10,5,57.2
10,1,48
5,2,48
5,2,48
14,6,50
20,7,44.57142857
23,7,61.14285714
14,5,41.2
7,3,63.33333333
18,7,50.85714286
21,4,48
17,2,48
5,2,31
3,2,58
3,1,48
3,1,48
18,6,48
8,4,48
9,3,49
3,2,31
15,6,46.16666667
30,10,48
22,4,48.75
7,2,48
11,1,48
7,5,61.2
14,3,54.66666667
9,2,54
8,3,63.33333333
7,2,71
7,3,48
15,4,48
14,3,48
9,4,39.5
9,2,48
16,4,48
1,1,48
10,3,48
7,1,48
10,3,49
17,3,63.33333333
8,3,48
13,4,49.5
3,1,48
10,5,42.998
8,3,25.33333333
6,4,39.5
8,1,48
2,1,48
9,3,48
9,3,48
10,1,48
4,2,48
12,3,48
21,10,50.4
5,1,48
15,7,43.14285714
7,3,48
6,4,39.5
4,1,94
3,2,48
13,4,59.5
9,4,59.5
7,1,48
8,3,49
9,2,48
7,2,48
12,5,57.2
13,5,41.2
7,4,53
6,5,50
4,3,36.66666667
11,6,37.16666667
23,2,48
11,4,48.75
8,3,36.66666667
8,4,48
1,1,48
5,2,48
12,3,48
13,4,44.5
10,4,51
16,5,66.6
4,1,48
9,3,48
9,3,48
5,2,48
10,1,94
24,6,42.33333333
12,1,48
18,4,59.5
16,10,31.8
8,2,48
3,1,48
8,4,51
9,3,48
9,8,41
7,3,38.33
7,1,48
7,2,49.5
7,5,41.2
12,3,63.33333333
8,3,54.66666667
2,1,48
8,3,51.33333333
12,4,48
13,4,59.5
6,2,48
7,1,48
5,3,48
6,2,48
9,2,48
5,2,48
9,1,48
7,4,48
12,3,52
23,7,67.71428571
13,1,48
17,7,33.42857143
15,3,48
20,9,45.33333333
11,5,48
11,4,48
17,8,48
3,1,48
19,4,39.5
3,1,48
5,2,48
14,4,50.5
9,2,48
4,1,48
19,5,59.2
13,2,48
27,11,44.90909091
12,4,48
23,8,46.25
1,1,48
6,3,32.33333333
12,4,59.5
2,1,48
5,2,31
5,4,39.5
22,2,31
6,1,48
15,2,48
11,3,36.66666667
24,8,49.5
12,3,36.66666667
4,1,48
9,4,48
9,3,36.66666667
13,5,35
25,3,64.33333333
18,5,48
13,6,50.5
16,5,59.2
18,6,68.83333333
6,1,48
7,2,48
8,4,48
9,3,48
14,2,48
16,4,59.5
7,1,48
15,1,48
16,5,48
20,5,45.6
19,6,36.66666667
19,7,48
22,4,48
5,2,63
36,5,57.2
16,8,32.99875
5,1,58
5,3,48
13,2,53
7,2,54
10,3,79
19,8,39.5
15,6,63.33333333
3,1,48
21,5,68.4
10,8,39.375
3,1,48
9,1,48
2,2,48
13,4,59.5
7,2,48
11,3,63.33333333
13,6,44.33333333
16,5,40
22,4,39.5
6,1,48
2,1,48
4,2,48
4,1,48
4,1,48
6,2,48
22,7,43.14285714
10,1,58
2,1,51
8,3,66.33333333
10,2,117.5
19,9,46.66666667
21,7,36.28571429
13,3,79
12,2,48
9,3,48
9,2,48
19,4,71
4,2,49.5
2,1,58
4,1,94
15,3,48
10,3,48
9,1,14
12,6,48
13,2,48
8,1,48
9,6,42.33333333
9,4,39.5
18,5,48
21,6,64
9,1,48
9,3,63.33333333
13,5,48
9,3,36.66666667
10,2,48
5,2,48
9,1,48
4,2,48
8,1,51
2,1,51
9,1,48
11,6,48
13,5,75.8
8,2,48
6,3,63.33333333
15,5,58.4
20,5,34.4
15,5,57.2
23,10,48
11,5,48
6,1,48
13,3,48
25,2,48
19,5,68.8
16,2,31
23,3,36.66666667
7,2,48
23,7,43.14285714
37,8,41
19,5,48
10,3,79
13,3,51
14,4,48
16,3,48
25,9,40.55444444
12,4,48
11,3,48
7,2,48
5,2,53
25,3,48
4,2,48
10,5,41.2
5,1,48
14,3,79
6,2,71
5,2,71
9,1,48
11,1,48
11,5,41.2
9,4,48
2,2,48
14,3,48
14,2,48
11,2,48
18,1,48
7,1,48
8,1,48
11,3,36.66666667
9,1,58
6,3,48
10,3,48
16,5,41.2
9,2,48
23,3,40.66666667
3,1,48
4,3,48
7,2,71
16,3,36.66666667
10,1,48
13,3,80
6,2,48
6,1,58
8,2,31
10,1,48
12,3,48
8,5,48
6,2,31
9,2,48
13,2,31
19,6,57.33333333
3,1,48
11,3,51.33333333
14,5,66.6
4,1,48
8,3,36.66666667
12,3,52
21,5,57.2
6,1,48
15,2,48
5,2,48
7,2,48
35,11,45.81818182
14,2,48
13,2,48
32,6,42.33333333
25,6,48
35,6,48.5
51,10,40.1
25,2,53
37,6,42.33333333
28,4,42
19,6,42.33333333
21,5,50.4
26,4,53.5
22,4,76.25
50,11,53.27272727
23,2,49.5
28,3,48
31,8,82.5
26,1,48
22,6,48
15,1,48
20,3,48
24,6,48
39,12,42.33333333
7,1,94
9,2,48
9,4,83.25
4,2,48
3,1,94
12,9,49.33333333
20,6,44.33333333
10,3,51.33333333
3,2,31.995
6,2,71
3,1,48
1,1,48
7,3,48
19,2,48
9,2,48
6,1,48
11,2,31
10,3,48
7,5,36.8
7,2,48
5,1,48
9,3,63.33333333
20,4,48.75
10,2,48
13,5,57.8
20,7,62
22,4,48
22,9,40.44444444
10,2,48
16,5,48.6
5,1,48
4,2,48
5,2,71
21,6,42.33333333
17,3,48
16,5,74.8
37,4,48
22,9,55.33333333
23,2,49.5
17,4,51
8,2,48
11,5,48
9,2,71
6,2,71
14,6,59
16,6,50
11,4,50.5
12,4,59.5
25,16,48.625
8,3,37.66666667
13,4,71.25
2,1,14
21,2,48
17,2,53
9,9,49.11111111
24,10,44.6
27,7,43.14285714
6,2,31
20,8,46.875
23,6,71.16666667
22,6,50
5,2,31
4,2,71
18,7,38.28571429
6,2,48
23,7,56.28571429
18,6,38.33333333
6,1,48
12,4,55.5
13,2,48
9,1,48
10,1,48
11,3,63.33333333
17,4,59.5
8,4,48
10,1,48
12,2,48
10,1,48
25,9,45.55555556
12,3,48
5,1,94
21,4,59.5
6,2,48
12,4,53
12,4,48
3,1,48
13,3,48
13,8,45.25
23,6,35.33333333
55,14,50.64285714
32,7,49.42857143
10,3,48
20,7,56.28571429
19,5,68.2
42,13,42.76923077
8,3,63.33333333
25,5,48
28,6,57.83333333
13,5,41.2
9,6,45
17,7,61.14285714
2,1,48
8,2,48
9,2,48
13,5,57.2
19,7,43.28428571
3,1,48
6,2,48
5,1,48
4,1,48
8,4,48
3,2,51
21,4,48
24,4,48.75
18,7,48
11,5,58.4
13,8,48.99875
33,14,51.14285714
6,1,48
20,6,48.5
20,8,49.25
19,4,48
19,1,48
15,3,63.33333333
17,2,71
20,8,50.5
6,2,24.5
32,11,49.09090909
26,4,48
35,17,46
35,8,59.5
53,8,48
13,5,48
33,9,54.22222222
26,2,94
21,2,48
9,2,53
15,4,51.75
14,4,48
22,6,48
21,9,41.55555556
23,11,45.45454545
16,5,48
8,4,48
15,1,48
21,5,48
17,6,48
19,5,48
13,3,51.33333333
35,11,60.63636364
26,9,53.44444444
23,7,51.14285714
21,8,43.75
47,12,47.16666667
19,4,48
25,3,40
20,13,46.53846154
8,1,48
5,1,48
10,3,37.66666667
26,12,43.16666667
32,12,54.83333333
37,9,68.66666667
27,7,49.42857143
19,5,50
17,3,48
9,5,48
12,4,48
2,2,48
3,1,58
5,2,31
23,4,39.5
15,5,41.2
20,3,63.33333333
12,5,41.2
17,5,41.2
20,5,41.2
10,4,42.5
20,5,48
8,7,43.14285714
7,2,48
15,1,48
2,1,48
3,1,48
5,1,48
4,1,48
2,1,48
2,1,48
8,2,48
16,6,42.33166667
6,3,48
17,2,94.5
7,2,48
2,1,48
12,4,61.75
8,3,54.66666667
9,3,48
1,1,48
6,1,48
21,4,50.5
18,6,42.33333333
10,6,48
9,4,67
15,6,48
13,3,37.66666667
10,8,48.375
17,7,44
19,4,39.5
26,6,49
14,5,41.8
10,6,48
21,5,44.6
11,4,55.5
12,4,48
9,1,48
12,6,42.33333333
19,4,39.5
6,3,45
4,1,48
10,6,42.33333333
15,4,39.5
19,7,49.42857143
11,3,48
2,1,48
20,6,48
11,3,63.33333333
25,5,41.2
16,1,48
18,3,48
14,4,48
12,3,36.66666667
5,3,36.66666667
15,2,48
7,2,48
9,3,48
19,3,79
9,2,48
18,5,43.2
1,1,58
12,2,48
17,3,54.66666667
16,2,48
5,2,31
9,2,72.5
4,1,48
13,1,48
7,1,48
18,6,55.66666667
9,2,53
5,2,48
10,3,48
5,2,71
10,5,48
10,6,63.33333333
10,9,48
16,6,42.33333333
13,4,39.5
6,2,48
10,2,48
10,4,31
11,1,48
19,7,38.71428571
7,3,36.66666667
11,3,48
19,13,43.76923077
13,3,36.66666667
9,2,48
12,2,31
5,3,48
11,1,48
10,1,48
9,2,48
12,6,25.33333333
15,2,53
22,2,48
9,4,39.5
11,3,36.66666667
1,1,48
2,1,48
16,4,841.25
27,6,1058.666667
14,1,79
12,2,3018
19,5,1250.6
11,1,3168
6,2,1448.5
25,2,2768
19,4,1438.5
20,6,1027.166667
8,1,10
4,3,115.47335
11,2,61.812
1,1,61.9718
2,1,95.86215
3,2,66.872475
1,1,42.57055
5,1,72.0715
6,1,71.842
1,1,62.1333
2,1,71.7179
9,4,62.110775
4,1,62.1333
3,1,71.842
7,3,71.84171667
,1,62.1333
2,1,71.842
3,3,68.60548333
6,1,71.842
5,3,49.27988333
3,1,71.90745
4,2,96.16305
1,1,115.63485
7,2,93.80005
5,1,72.0715
6,1,110.86465
7,1,96.41975
4,1,81.6901
2,1,62.3322
8,1,71.9644
4,1,71.9644
1,2,67.1024
1,1,62.23955
1,1,81.6901
4,1,71.62525
5,3,71.96468333
2,1,52.5147
4,1,52.275
1,1,115.1988
3,1,62.23955
4,1,71.6363
1,1,61.95565
4,1,100.86015
3,1,71.7655
1,1,61.9463
2,1,115.209
9,2,60.9858
5,1,81.5524
3,2,71.7485
2,1,69.92865
1,1,75.0754
7,3,99.04908333
5,3,61.88283333
3,1,62.1588
3,1,62.1588
1,1,115.57705
1,1,62.1588
2,1,72.09445
6,3,71.9763
6,3,72.09473333
2,1,71.8437
1,1,62.441
1,1,62.441
3,1,60.40355
2,1,63.25955
5,2,67.213325
3,1,83.028
2,1,63.25955
6,1,78.03255
3,1,63.25955
8,2,95.343225
9,3,76.3861
5,1,73.0932
3,1,73.0932
3,1,61.2408
2,2,92.848475
1,1,63.2162
2,1,61.2408
4,1,315.63645
7,1,73.21985
5,1,63.57915
4,1,98.12315
2,1,63.93445
4,1,51.53975
3,1,83.4479
4,2,90.83865
7,1,83.4479
7,1,61.75675
1,1,71.7179
1,1,128.49365
7,1,83.6706
5,1,71.7179
3,1,63.71175
5,1,51.79645
2,1,83.62215
6,1,51.76585
4,1,63.71175
3,1,83.91455
1,1,52.28435
6,2,91.40645
5,1,119.1717
4,2,73.23005
5,1,64.3501
3,1,74.40475
2,1,119.1717
3,1,84.4594
8,1,74.40475
2,1,64.3501
1,1,129.7049
4,1,74.40475
11,2,74.329525
3,1,275.49775
1,1,119.61795
4,1,64.33225
3,2,95.438425
3,1,131.20855
12,2,131.233625
4,1,85.4386
2,1,65.09555
4,2,85.438175
,1,75.29555
2,1,100.5822
2,1,75.1825
6,1,65.0233
4,1,100.5822
7,2,92.613025
7,2,102.734825
1,1,103.61755
13,3,80.50463333
3,1,61.33685
8,2,80.504775
15,2,102.184025
5,3,51.7531
4,1,123.94785
1,1,114.2026
4,1,114.2026
7,1,80.614
8,2,102.20655
4,1,114.2026
7,1,114.2026
1,1,123.79995
5,1,61.99645
9,2,80.674775
6,2,91.97935
5,1,79.97905
4,2,111.0219
1,1,70.54235
5,1,70.45735
16,5,160.31765
3,1,113.3033
9,1,113.63225
10,3,78.48616667
6,4,79.1622
6,2,80.491175
2,1,51.5644
1,2,61.54
6,2,71.155625
7,1,109.6177
9,3,71.13536667
7,1,80.77125
10,2,71.155625
1,1,51.92395
6,3,72.70333333
6,1,123.94785
,1,52.02595
4,2,71.198975
3,2,88.351125
6,1,124.1408
3,2,71.198975
2,1,61.65985
4,1,52.02595
4,1,115.24555
5,1,52.29625
9,2,98.297825
3,6,65.20916667
4,1,71.6652
4,1,52.3073
4,3,65.10858333
7,2,80.975675
2,1,61.7593
4,1,90.6763
5,1,105.1195
2,3,68.15073333
1,1,125.17695
3,1,81.22345
13,6,71.86041667
2,1,81.51075
6,1,81.51075